cluster,total_accounts,labeled_accounts,mule_rate,median_txns_per_day,median_amount_mean,median_amount_std
0,2098,1330,0.08646616541353383,0.032681152065457554,24495.520305765087,21703.380332880617
3,1981,1217,0.015612161051766639,1.2070365358592692,8817.995273463875,38030.09617460382
2,484,298,0.010067114093959731,4.533714642262895,8827.276014607913,43603.74629482309
1,12983,7774,0.0061744275791098535,0.04422332780541736,6785.17662116041,16291.466956702508
5,4084,2482,0.0056406124093473006,0.044974654349461636,6931.276469494048,16480.384461693164
4,17964,10650,0.005539906103286385,0.04533669185558355,6744.982481060606,16394.03029075257
